metric,Mean,Std
risk_delta,5.095238095238095,7.965073528434251
long_cot_delta,0.19412698412698406,0.15079563692873701
off_topic_score_delta,0.046257601843939886,0.0697320108193334
misalign_score_delta,-0.015024368074678239,0.24041070534363107
zlib_entropy_risk_delta,0.17159970812103564,0.257907074368038
